Ligand Name,CAS,SMILES,Sample ID,catalyst conc,rxn vol ,vol (L) ,mmol of catalyst,umol catalyst,max h2 (umol),time (min),TOF (1/min)
"1,2-Benzenedithiol",17534-15-5,[S-]c1ccccc1[S-],L10,0.025,500,0.0005,0.0000125,0.0125,0.2814599468,1110,0.02028540157
triphenylphosphine,603-35-0,c1ccc(cc1)P(c2ccccc2)c3ccccc3,L11,0.025,500,0.0005,0.0000125,0.0125,0.0584934401,1110,0.004215743431
"1,2-bis(dicyclohexylphosphino)ethane",23743-26-2,C1CCC(CC1)P(CCP(C2CCCCC2)C3CCCCC3)C4CCCCC4,L12,0.025,500,0.0005,0.0000125,0.0125,0.3905116177,1110,0.02814498145
2-Mercaptonicotinic acid,38521-46-9,[O-]C(=O)c1cccnc1[S-],L2,0.025,500,0.0005,0.0000125,0.0125,4.068596062,1110,0.2932321486
3-Aminopyridine-2(1H)-thione,38240-21-0,C1=CNC(=S)C(=C1)N,L3,0.025,500,0.0005,0.0000125,0.0125,9.021096319,1110,0.650169104
2-Mercapto-6-methylpyridine,18368-57-5,Cc1cccc(S)n1,L4,0.025,500,0.0005,0.0000125,0.0125,8.495096601,1110,0.6122592145
3-Bromo-6-mercaptopyridine,56673-34-8,C1=CC(=S)NC=C1Br,L5,0.025,500,0.0005,0.0000125,0.0125,7.49178545,1110,0.5399485009
6-Mercaptonicotinonitrile,27885-58-1,C1=CC(=S)NC=C1C#N,L6,0.025,500,0.0005,0.0000125,0.0125,8.625833841,1110,0.6216817183
3-Bromopyridine-2(1H)-thione,65938-86-5,C1=CNC(=S)C(=C1)Br,L7,0.025,500,0.0005,0.0000125,0.0125,8.441736081,1110,0.6084134113
5-Chloropyridine-2-thiol,40771-41-3,C1=CC(=S)NC=C1Cl,L8,0.025,500,0.0005,0.0000125,0.0125,9.102657352,1110,0.6560473767
8-Mercaptoquinoline Hydrochloride,34006-16-1,[H+].[Cl-].Sc1cccc2cccnc12,L9,0.025,500,0.0005,0.0000125,0.0125,0.220995619,1110,0.01592761218
"4,4&#39;-methylene bis(N,N-dimethylaniline)",101-61-1,CN(C)c1ccc(Cc2ccc(cc2)N(C)C)cc1,L13,0.025,500,0.0005,0.0000125,0.0125,3.472325107,1110,0.2502576654
tetramethyldiaminomethane,51-80-9,CN(C)CN(C)C,L14,0.025,500,0.0005,0.0000125,0.0125,4.254840331,1110,0.306655159
"N,N-dimethyl-p-toluidine",99-97-8,CN(C)c1ccc(C)cc1,L15,0.025,500,0.0005,0.0000125,0.0125,1.499660539,1110,0.1080836424
diphenylamine,122-39-4,N(c1ccccc1)c2ccccc2,L16,0.025,500,0.0005,0.0000125,0.0125,13.08568135,1110,0.9431121695
benzimidazole,51-17-2,[nH]1cnc2ccccc12,L17,0.025,500,0.0005,0.0000125,0.0125,0.2471808105,1110,0.01781483319
diisobutylamine,110-96-3,CC[C@H](C)[NH2+][C@H](C)CC,L18,0.025,500,0.0005,0.0000125,0.0125,0.9395424811,1110,0.06771477341
catechol,120-80-9,Oc1ccccc1O,L19,0.025,500,0.0005,0.0000125,0.0125,-0.04268348643,1110,-0.00307628731
4 methoxy phenol,150-76-5,COc1ccc(O)cc1,L20,0.025,500,0.0005,0.0000125,0.0125,7.869668621,1110,0.5671833241
4-fluoro-2-nitrophenol,394-33-2,Oc1ccc(F)cc1[N+]([O-])=O,L21,0.025,500,0.0005,0.0000125,0.0125,0.05967188578,1110,0.004300676452
2-amino-4-(trifluoromethyl)benzenethiolhydrochloride,4274-38-8,[H+].[Cl-].Nc1cc(ccc1S)C(F)(F)F,L22,0.025,500,0.0005,0.0000125,0.0125,0.2502967369,1110,0.01803940446
triphenylmethane thiol,3695-77-0,SC(c1ccccc1)(c2ccccc2)c3ccccc3,L23,0.025,500,0.0005,0.0000125,0.0125,0.1303865536,1110,0.009397229087
aniline,62-53-3,Nc1ccccc1,L24,0.025,500,0.0005,0.0000125,0.0125,1.589887068,1110,0.1145864554
2 amino benzethiol,137-7-5,Nc1ccccc1S,L25,0.025,500,0.0005,0.0000125,0.0125,1.413911106,1110,0.1019035032
o-phenylene diamine,95-54-5,Nc1ccccc1N,L26,0.025,500,0.0005,0.0000125,0.0125,0.5333104897,1110,0.03843679205
2-bromoethylamine hydrobromide,2576-47-8,[H+].[Br-].NCCBr,L27,0.025,500,0.0005,0.0000125,0.0125,1.360189334,1110,0.09803166373
3 methoxypropylamine,5332-73-0,COCCCN,L28,0.025,500,0.0005,0.0000125,0.0125,2.42184174,1110,0.1745471524
ethanolamine,141-43-5,NCCO,L29,0.025,500,0.0005,0.0000125,0.0125,1.949178898,1110,0.140481362
pyridine,110-86-1,c1ccncc1,L30,0.025,500,0.0005,0.0000125,0.0125,1.817824639,1110,0.1310143884
"2,6 diphenyl pyridine ",3558-69-8,c1ccc(cc1)c2cccc(n2)c3ccccc3,L31,0.025,500,0.0005,0.0000125,0.0125,1.838881473,1110,0.1325319981
"2,6-difluoropyridine",1513-65-1,Fc1cccc(F)n1,L32,0.025,500,0.0005,0.0000125,0.0125,1.922824847,1110,0.1385819709
piperidine,110-89-4,C1CCNCC1,L33,0.025,500,0.0005,0.0000125,0.0125,1.757296615,1110,0.1266520083
"4-hydroxy-2,2,6,6-tetramethylpiperidine",2403-88-5,CC1(C)CC(O)CC(C)(C)N1,L34,0.025,500,0.0005,0.0000125,0.0125,3.228707782,1110,0.23269966
Ethyl piperidine-3-carboxylate,5006-62-2,CCOC(=O)C1CCCNC1,L35,0.025,500,0.0005,0.0000125,0.0125,0.4133063471,1110,0.02978784483
"2,2′-Bipyridyl",366-18-7,c1ccc(nc1)c2ccccn2,L36,0.025,500,0.0005,0.0000125,0.0125,0.4521524819,1110,0.03258756627
"1,10-phenanthroline, anhyd",66-71-7,c1cnc2c(c1)ccc3cccnc23,L37,0.025,500,0.0005,0.0000125,0.0125,0.3366138787,1110,0.02426045973
bathophenanthroline,1662-01-7,c1ccc(cc1)c2ccnc3c2ccc4c(ccnc34)c5ccccc5,L38,0.025,500,0.0005,0.0000125,0.0125,0.1085951519,1110,0.007826677614
tertbutylcyanoacetate,1116-98-9,CC(C)(C)OC(=O)CC#N,L39,0.025,500,0.0005,0.0000125,0.0125,0.2425664454,1110,0.01748226633
4-Cyanobenzoyl chloride,6068-72-0,ClC(=O)c1ccc(cc1)C#N,L40,0.025,500,0.0005,0.0000125,0.0125,0.3205151572,1110,0.02310019151
"7,7,8,8-tetracyanoquinodimethane",1518-16-7,N#CC(C#N)=C1C=CC(C=C1)=C(C#N)C#N,L41,0.025,500,0.0005,0.0000125,0.0125,0.08567647985,1110,0.006174881431
acetylacetone,123-54-6,CC(=O)CC(C)=O,L42,0.025,500,0.0005,0.0000125,0.0125,0.2655579482,1110,0.01913931158
"1,3,5 benzene tricarboxylic acid",554-95-0,OC(=O)c1cc(cc(c1)C(O)=O)C(O)=O,L43,0.025,500,0.0005,0.0000125,0.0125,0.1902029368,1110,0.01370831977
cyclohexanecarboxylic acid,98-89-5,OC(=O)C1CCCCC1,L44,0.025,500,0.0005,0.0000125,0.0125,0.105695352,1110,0.007617683024
tricyclohexylphosphine,2622-14-2,C1CCC(CC1)P(C2CCCCC2)C3CCCCC3,L45,0.025,500,0.0005,0.0000125,0.0125,0.3779913751,1110,0.02724262163
8-quinolinol,148-24-3,Oc1cccc2cccnc12,L46,0.025,500,0.0005,0.0000125,0.0125,0.2492038193,1110,0.01796063563
8-mercaptoquinoline hydrochloride,34006-16-1,Cl[H].Sc1cccc2cccnc12,L47,0.025,500,0.0005,0.0000125,0.0125,0.3901205038,1110,0.02811679307
"5,7-dichloro-8-hydroxyquinoline",773-76-2,Oc1c(Cl)cc(Cl)c2cccnc12,L48,0.025,500,0.0005,0.0000125,0.0125,0.2146610193,1110,0.01547106446
1133-tetramethylguanidine,80-70-6,CN(C)C(=N)N(C)C,L49,0.025,500,0.0005,0.0000125,0.0125,3.414654581,1110,0.2461012311
"1,4-butanedithiol",1191-08-8,SCCCCS,L50,0.025,500,0.0005,0.0000125,0.0125,9.64738995,1110,0.6953073838
1-octanethiol,111-88-6,CCCCCCCCS,L51,0.025,500,0.0005,0.0000125,0.0125,8.68642817,1110,0.6260488771
"4,5 dimethyl 1,2 phenylene diamine",3171-45-7,Cc1cc(N)c(N)cc1C,L52,0.025,500,0.0005,0.0000125,0.0125,0.3113784765,1110,0.022441692
"4,5-dichloro-o-phenylenediamine",5348-42-5,Nc1cc(Cl)c(Cl)cc1N,L53,0.025,500,0.0005,0.0000125,0.0125,1.278725614,1110,0.09216040459
"N,N'-diphenyl-p-phenylenediamine",74-31-7,N(c1ccccc1)c2ccc(Nc3ccccc3)cc2,L54,0.025,500,0.0005,0.0000125,0.0125,0.6010721828,1110,0.04332051768
3-mercaptopropionic acid,107-96-0,OC(=O)CCS,L55,0.025,500,0.0005,0.0000125,0.0125,5.428803734,1110,0.391265134
"3,3,3 triphenyl propionic acid",900-91-4,OC(=O)CC(c1ccccc1)(c2ccccc2)c3ccccc3,L56,0.025,500,0.0005,0.0000125,0.0125,2.236726669,1110,0.1612055257
2-mercaptopyridine,2637-34-5,S=C1NC=CC=C1,L1,0.025,500,0.0005,0.0000125,0.0125,6.632957191,1110,0.4780509687
"1,2-Benzenedithiol",17534-15-5,[S-]c1ccccc1[S-],L10,0.05,500,0.0005,0.000025,0.025,0.3743698726,1110,0.01349080622
triphenylphosphine,603-35-0,c1ccc(cc1)P(c2ccccc2)c3ccccc3,L11,0.05,500,0.0005,0.000025,0.025,0.1085353766,1110,0.003911184741
"1,2-bis(dicyclohexylphosphino)ethane",23743-26-2,C1CCC(CC1)P(CCP(C2CCCCC2)C3CCCCC3)C4CCCCC4,L12,0.05,500,0.0005,0.000025,0.025,0.1886285253,1110,0.006797424336
2-Mercaptonicotinic acid,38521-46-9,[O-]C(=O)c1cccnc1[S-],L2,0.05,500,0.0005,0.000025,0.025,5.730326374,1110,0.2064982477
3-Aminopyridine-2(1H)-thione,38240-21-0,C1=CNC(=S)C(=C1)N,L3,0.05,500,0.0005,0.000025,0.025,6.315552403,1110,0.227587474
2-Mercapto-6-methylpyridine,18368-57-5,Cc1cccc(S)n1,L4,0.05,500,0.0005,0.000025,0.025,10.23337952,1110,0.368770433
3-Bromo-6-mercaptopyridine,56673-34-8,C1=CC(=S)NC=C1Br,L5,0.05,500,0.0005,0.000025,0.025,8.702888581,1110,0.3136176065
6-Mercaptonicotinonitrile,27885-58-1,C1=CC(=S)NC=C1C#N,L6,0.05,500,0.0005,0.000025,0.025,10.43910652,1110,0.3761840189
3-Bromopyridine-2(1H)-thione,65938-86-5,C1=CNC(=S)C(=C1)Br,L7,0.05,500,0.0005,0.000025,0.025,9.198086089,1110,0.3314625618
5-Chloropyridine-2-thiol,40771-41-3,C1=CC(=S)NC=C1Cl,L8,0.05,500,0.0005,0.000025,0.025,9.981796909,1110,0.3597043931
8-Mercaptoquinoline Hydrochloride,34006-16-1,[H+].[Cl-].Sc1cccc2cccnc12,L9,0.05,500,0.0005,0.000025,0.025,0.103822513,1110,0.00374135182
"4,4&#39;-methylene bis(N,N-dimethylaniline)",101-61-1,CN(C)c1ccc(Cc2ccc(cc2)N(C)C)cc1,L13,0.05,500,0.0005,0.000025,0.025,8.669263449,1110,0.3124058901
tetramethyldiaminomethane,51-80-9,CN(C)CN(C)C,L14,0.05,500,0.0005,0.000025,0.025,4.079549404,1110,0.1470107893
"N,N-dimethyl-p-toluidine",99-97-8,CN(C)c1ccc(C)cc1,L15,0.05,500,0.0005,0.000025,0.025,1.337142908,1110,0.04818533002
diphenylamine,122-39-4,N(c1ccccc1)c2ccccc2,L16,0.05,500,0.0005,0.000025,0.025,0.06645546465,1110,0.002394791519
benzimidazole,51-17-2,[nH]1cnc2ccccc12,L17,0.05,500,0.0005,0.000025,0.025,5.671082036,1110,0.2043633166
diisobutylamine,110-96-3,CC[C@H](C)[NH2+][C@H](C)CC,L18,0.05,500,0.0005,0.000025,0.025,0.8762358473,1110,0.03157606657
catechol,120-80-9,Oc1ccccc1O,L19,0.05,500,0.0005,0.000025,0.025,-0.04281477636,1110,-0.001542874824
4 methoxy phenol,150-76-5,COc1ccc(O)cc1,L20,0.05,500,0.0005,0.000025,0.025,0.004365407745,1110,0.0001573119908
4-fluoro-2-nitrophenol,394-33-2,Oc1ccc(F)cc1[N+]([O-])=O,L21,0.05,500,0.0005,0.000025,0.025,0.5468275489,1110,0.01970549726
2-amino-4-(trifluoromethyl)benzenethiolhydrochloride,4274-38-8,[H+].[Cl-].Nc1cc(ccc1S)C(F)(F)F,L22,0.05,500,0.0005,0.000025,0.025,0.1573092946,1110,0.005668803409
triphenylmethane thiol,3695-77-0,SC(c1ccccc1)(c2ccccc2)c3ccccc3,L23,0.05,500,0.0005,0.000025,0.025,0.1920306315,1110,0.006920022758
aniline,62-53-3,Nc1ccccc1,L24,0.05,500,0.0005,0.000025,0.025,1.494497899,1110,0.05385578014
2 amino benzethiol,137-7-5,Nc1ccccc1S,L25,0.05,500,0.0005,0.000025,0.025,1.467044444,1110,0.05286646646
o-phenylene diamine,95-54-5,Nc1ccccc1N,L26,0.05,500,0.0005,0.000025,0.025,0.36813215,1110,0.01326602342
2-bromoethylamine hydrobromide,2576-47-8,[H+].[Br-].NCCBr,L27,0.05,500,0.0005,0.000025,0.025,0.8553637905,1110,0.03082392038
3 methoxypropylamine,5332-73-0,COCCCN,L28,0.05,500,0.0005,0.000025,0.025,2.222651046,1110,0.08009553321
ethanolamine,141-43-5,NCCO,L29,0.05,500,0.0005,0.000025,0.025,1.015916726,1110,0.03660961175
pyridine,110-86-1,c1ccncc1,L30,0.05,500,0.0005,0.000025,0.025,1.47265811,1110,0.05306876073
"2,6 diphenyl pyridine ",3558-69-8,c1ccc(cc1)c2cccc(n2)c3ccccc3,L31,0.05,500,0.0005,0.000025,0.025,1.738773752,1110,0.0626585136
"2,6-difluoropyridine",1513-65-1,Fc1cccc(F)n1,L32,0.05,500,0.0005,0.000025,0.025,1.270298368,1110,0.04577651777
piperidine,110-89-4,C1CCNCC1,L33,0.05,500,0.0005,0.000025,0.025,1.635452997,1110,0.05893524313
"4-hydroxy-2,2,6,6-tetramethylpiperidine",2403-88-5,CC1(C)CC(O)CC(C)(C)N1,L34,0.05,500,0.0005,0.000025,0.025,2.617928904,1110,0.09433978033
Ethyl piperidine-3-carboxylate,5006-62-2,CCOC(=O)C1CCCNC1,L35,0.05,500,0.0005,0.000025,0.025,0.4439816734,1110,0.01599933958
"2,2′-Bipyridyl",366-18-7,c1ccc(nc1)c2ccccn2,L36,0.05,500,0.0005,0.000025,0.025,0.2764746457,1110,0.009963050295
"1,10-phenanthroline, anhyd",66-71-7,c1cnc2c(c1)ccc3cccnc23,L37,0.05,500,0.0005,0.000025,0.025,0.2751677413,1110,0.009915954641
bathophenanthroline,1662-01-7,c1ccc(cc1)c2ccnc3c2ccc4c(ccnc34)c5ccccc5,L38,0.05,500,0.0005,0.000025,0.025,0.1948987018,1110,0.007023376641
tertbutylcyanoacetate,1116-98-9,CC(C)(C)OC(=O)CC#N,L39,0.05,500,0.0005,0.000025,0.025,0.07342877272,1110,0.0026460819
4-Cyanobenzoyl chloride,6068-72-0,ClC(=O)c1ccc(cc1)C#N,L40,0.05,500,0.0005,0.000025,0.025,0.1169090195,1110,0.00421293764
"7,7,8,8-tetracyanoquinodimethane",1518-16-7,N#CC(C#N)=C1C=CC(C=C1)=C(C#N)C#N,L41,0.05,500,0.0005,0.000025,0.025,0.1476149559,1110,0.005319457868
acetylacetone,123-54-6,CC(=O)CC(C)=O,L42,0.05,500,0.0005,0.000025,0.025,0.2071969925,1110,0.007466558287
"1,3,5 benzene tricarboxylic acid",554-95-0,OC(=O)c1cc(cc(c1)C(O)=O)C(O)=O,L43,0.05,500,0.0005,0.000025,0.025,0.2617927799,1110,0.00943397405
cyclohexanecarboxylic acid,98-89-5,OC(=O)C1CCCCC1,L44,0.05,500,0.0005,0.000025,0.025,0.2464851208,1110,0.008882346697
tricyclohexylphosphine,2622-14-2,C1CCC(CC1)P(C2CCCCC2)C3CCCCC3,L45,0.05,500,0.0005,0.000025,0.025,0.2796621013,1110,0.01007791356
8-quinolinol,148-24-3,Oc1cccc2cccnc12,L46,0.05,500,0.0005,0.000025,0.025,0.1132321417,1110,0.004080437539
8-mercaptoquinoline hydrochloride,34006-16-1,Cl[H].Sc1cccc2cccnc12,L47,0.05,500,0.0005,0.000025,0.025,0.1437775234,1110,0.005181172016
"5,7-dichloro-8-hydroxyquinoline",773-76-2,Oc1c(Cl)cc(Cl)c2cccnc12,L48,0.05,500,0.0005,0.000025,0.025,0.1843536301,1110,0.006643374056
1133-tetramethylguanidine,80-70-6,CN(C)C(=N)N(C)C,L49,0.05,500,0.0005,0.000025,0.025,1.498644784,1110,0.05400521744
"1,4-butanedithiol",1191-08-8,SCCCCS,L50,0.05,500,0.0005,0.000025,0.025,9.277273411,1110,0.334316159
1-octanethiol,111-88-6,CCCCCCCCS,L51,0.05,500,0.0005,0.000025,0.025,14.33669446,1110,0.5166376382
"4,5 dimethyl 1,2 phenylene diamine",3171-45-7,Cc1cc(N)c(N)cc1C,L52,0.05,500,0.0005,0.000025,0.025,0.2341477944,1110,0.008437758357
"4,5-dichloro-o-phenylenediamine",5348-42-5,Nc1cc(Cl)c(Cl)cc1N,L53,0.05,500,0.0005,0.000025,0.025,1.536318813,1110,0.0553628401
"N,N'-diphenyl-p-phenylenediamine",74-31-7,N(c1ccccc1)c2ccc(Nc3ccccc3)cc2,L54,0.05,500,0.0005,0.000025,0.025,0.3078331805,1110,0.01109308759
3-mercaptopropionic acid,107-96-0,OC(=O)CCS,L55,0.05,500,0.0005,0.000025,0.025,8.281324891,1110,0.2984261222
"3,3,3 triphenyl propionic acid",900-91-4,OC(=O)CC(c1ccccc1)(c2ccccc2)c3ccccc3,L56,0.05,500,0.0005,0.000025,0.025,1.612886488,1110,0.05812203561
2-mercaptopyridine,2637-34-5,S=C1NC=CC=C1,L1,0.05,500,0.0005,0.000025,0.025,6.678549821,1110,0.240668462
"1,2-Benzenedithiol",17534-15-5,[S-]c1ccccc1[S-],L10,0.1,500,0.0005,0.00005,0.05,0.7065253265,1110,0.01273018606
triphenylphosphine,603-35-0,c1ccc(cc1)P(c2ccccc2)c3ccccc3,L11,0.1,500,0.0005,0.00005,0.05,0.0668355549,1110,0.001204244232
"1,2-bis(dicyclohexylphosphino)ethane",23743-26-2,C1CCC(CC1)P(CCP(C2CCCCC2)C3CCCCC3)C4CCCCC4,L12,0.1,500,0.0005,0.00005,0.05,0.2415811489,1110,0.004352813493
2-Mercaptonicotinic acid,38521-46-9,[O-]C(=O)c1cccnc1[S-],L2,0.1,500,0.0005,0.00005,0.05,10.36641277,1110,0.1867822121
3-Aminopyridine-2(1H)-thione,38240-21-0,C1=CNC(=S)C(=C1)N,L3,0.1,500,0.0005,0.00005,0.05,6.285898358,1110,0.1132594299
2-Mercapto-6-methylpyridine,18368-57-5,Cc1cccc(S)n1,L4,0.1,500,0.0005,0.00005,0.05,11.91671802,1110,0.2147156399
3-Bromo-6-mercaptopyridine,56673-34-8,C1=CC(=S)NC=C1Br,L5,0.1,500,0.0005,0.00005,0.05,10.92135483,1110,0.1967811681
6-Mercaptonicotinonitrile,27885-58-1,C1=CC(=S)NC=C1C#N,L6,0.1,500,0.0005,0.00005,0.05,11.49952825,1110,0.2071987072
3-Bromopyridine-2(1H)-thione,65938-86-5,C1=CNC(=S)C(=C1)Br,L7,0.1,500,0.0005,0.00005,0.05,10.18627811,1110,0.1835365426
5-Chloropyridine-2-thiol,40771-41-3,C1=CC(=S)NC=C1Cl,L8,0.1,500,0.0005,0.00005,0.05,9.954984196,1110,0.1793690846
8-Mercaptoquinoline Hydrochloride,34006-16-1,[H+].[Cl-].Sc1cccc2cccnc12,L9,0.1,500,0.0005,0.00005,0.05,-0.007430945018,1110,-0.0001338909012
"4,4&#39;-methylene bis(N,N-dimethylaniline)",101-61-1,CN(C)c1ccc(Cc2ccc(cc2)N(C)C)cc1,L13,0.1,500,0.0005,0.00005,0.05,6.50043224,1110,0.1171249052
tetramethyldiaminomethane,51-80-9,CN(C)CN(C)C,L14,0.1,500,0.0005,0.00005,0.05,4.386764338,1110,0.07904079889
"N,N-dimethyl-p-toluidine",99-97-8,CN(C)c1ccc(C)cc1,L15,0.1,500,0.0005,0.00005,0.05,1.859556314,1110,0.03350551917
diphenylamine,122-39-4,N(c1ccccc1)c2ccccc2,L16,0.1,500,0.0005,0.00005,0.05,1.427903066,1110,0.02572798317
benzimidazole,51-17-2,[nH]1cnc2ccccc12,L17,0.1,500,0.0005,0.00005,0.05,12.55432966,1110,0.226204138
diisobutylamine,110-96-3,CC[C@H](C)[NH2+][C@H](C)CC,L18,0.1,500,0.0005,0.00005,0.05,0.2610735131,1110,0.004704027262
catechol,120-80-9,Oc1ccccc1O,L19,0.1,500,0.0005,0.00005,0.05,0.1394217529,1110,0.002512103656
4 methoxy phenol,150-76-5,COc1ccc(O)cc1,L20,0.1,500,0.0005,0.00005,0.05,0.1106348307,1110,0.001993420372
4-fluoro-2-nitrophenol,394-33-2,Oc1ccc(F)cc1[N+]([O-])=O,L21,0.1,500,0.0005,0.00005,0.05,10.04795886,1110,0.1810443038
2-amino-4-(trifluoromethyl)benzenethiolhydrochloride,4274-38-8,[H+].[Cl-].Nc1cc(ccc1S)C(F)(F)F,L22,0.1,500,0.0005,0.00005,0.05,0.06781468951,1110,0.001221886297
triphenylmethane thiol,3695-77-0,SC(c1ccccc1)(c2ccccc2)c3ccccc3,L23,0.1,500,0.0005,0.00005,0.05,0.1828260586,1110,0.003294163218
aniline,62-53-3,Nc1ccccc1,L24,0.1,500,0.0005,0.00005,0.05,0.9661525004,1110,0.01740815316
2 amino benzethiol,137-7-5,Nc1ccccc1S,L25,0.1,500,0.0005,0.00005,0.05,1.903187563,1110,0.03429166781
o-phenylene diamine,95-54-5,Nc1ccccc1N,L26,0.1,500,0.0005,0.00005,0.05,0.1253875187,1110,0.002259234572
2-bromoethylamine hydrobromide,2576-47-8,[H+].[Br-].NCCBr,L27,0.1,500,0.0005,0.00005,0.05,0.3042441602,1110,0.00548187676
3 methoxypropylamine,5332-73-0,COCCCN,L28,0.1,500,0.0005,0.00005,0.05,0.9081967856,1110,0.01636390605
ethanolamine,141-43-5,NCCO,L29,0.1,500,0.0005,0.00005,0.05,0.8753971282,1110,0.01577292123
pyridine,110-86-1,c1ccncc1,L30,0.1,500,0.0005,0.00005,0.05,0.6078100277,1110,0.01095153203
"2,6 diphenyl pyridine ",3558-69-8,c1ccc(cc1)c2cccc(n2)c3ccccc3,L31,0.1,500,0.0005,0.00005,0.05,0.6049777921,1110,0.01090050076
"2,6-difluoropyridine",1513-65-1,Fc1cccc(F)n1,L32,0.1,500,0.0005,0.00005,0.05,0.6261125237,1110,0.01128130673
piperidine,110-89-4,C1CCNCC1,L33,0.1,500,0.0005,0.00005,0.05,1.204181426,1110,0.02169696263
"4-hydroxy-2,2,6,6-tetramethylpiperidine",2403-88-5,CC1(C)CC(O)CC(C)(C)N1,L34,0.1,500,0.0005,0.00005,0.05,1.722315513,1110,0.03103271195
Ethyl piperidine-3-carboxylate,5006-62-2,CCOC(=O)C1CCCNC1,L35,0.1,500,0.0005,0.00005,0.05,0.2716628643,1110,0.004894826385
"2,2′-Bipyridyl",366-18-7,c1ccc(nc1)c2ccccn2,L36,0.1,500,0.0005,0.00005,0.05,0.2501191745,1110,0.004506651793
"1,10-phenanthroline, anhyd",66-71-7,c1cnc2c(c1)ccc3cccnc23,L37,0.1,500,0.0005,0.00005,0.05,0.2610470847,1110,0.004703551075
bathophenanthroline,1662-01-7,c1ccc(cc1)c2ccnc3c2ccc4c(ccnc34)c5ccccc5,L38,0.1,500,0.0005,0.00005,0.05,0.1707793321,1110,0.003077105083
tertbutylcyanoacetate,1116-98-9,CC(C)(C)OC(=O)CC#N,L39,0.1,500,0.0005,0.00005,0.05,0.1064901098,1110,0.001918740718
4-Cyanobenzoyl chloride,6068-72-0,ClC(=O)c1ccc(cc1)C#N,L40,0.1,500,0.0005,0.00005,0.05,0.2036445443,1110,0.003669271068
"7,7,8,8-tetracyanoquinodimethane",1518-16-7,N#CC(C#N)=C1C=CC(C=C1)=C(C#N)C#N,L41,0.1,500,0.0005,0.00005,0.05,0.02276479591,1110,0.0004101765028
acetylacetone,123-54-6,CC(=O)CC(C)=O,L42,0.1,500,0.0005,0.00005,0.05,0.06991282743,1110,0.001259690584
"1,3,5 benzene tricarboxylic acid",554-95-0,OC(=O)c1cc(cc(c1)C(O)=O)C(O)=O,L43,0.1,500,0.0005,0.00005,0.05,0.2986087946,1110,0.005380338641
cyclohexanecarboxylic acid,98-89-5,OC(=O)C1CCCCC1,L44,0.1,500,0.0005,0.00005,0.05,0.2255435908,1110,0.004063848483
tricyclohexylphosphine,2622-14-2,C1CCC(CC1)P(C2CCCCC2)C3CCCCC3,L45,0.1,500,0.0005,0.00005,0.05,0.2895458657,1110,0.005217042624
8-quinolinol,148-24-3,Oc1cccc2cccnc12,L46,0.1,500,0.0005,0.00005,0.05,0.01968372039,1110,0.0003546616286
8-mercaptoquinoline hydrochloride,34006-16-1,Cl[H].Sc1cccc2cccnc12,L47,0.1,500,0.0005,0.00005,0.05,-0.03360938221,1110,-0.0006055744543
"5,7-dichloro-8-hydroxyquinoline",773-76-2,Oc1c(Cl)cc(Cl)c2cccnc12,L48,0.1,500,0.0005,0.00005,0.05,0.213894271,1110,0.00385395083
1133-tetramethylguanidine,80-70-6,CN(C)C(=N)N(C)C,L49,0.1,500,0.0005,0.00005,0.05,1.018631329,1110,0.01835371764
"1,4-butanedithiol",1191-08-8,SCCCCS,L50,0.1,500,0.0005,0.00005,0.05,5.80048369,1110,0.1045132196
1-octanethiol,111-88-6,CCCCCCCCS,L51,0.1,500,0.0005,0.00005,0.05,18.83291184,1110,0.3393317448
"4,5 dimethyl 1,2 phenylene diamine",3171-45-7,Cc1cc(N)c(N)cc1C,L52,0.1,500,0.0005,0.00005,0.05,0.1368299811,1110,0.002465405065
"4,5-dichloro-o-phenylenediamine",5348-42-5,Nc1cc(Cl)c(Cl)cc1N,L53,0.1,500,0.0005,0.00005,0.05,0.4804211661,1110,0.008656237228
"N,N'-diphenyl-p-phenylenediamine",74-31-7,N(c1ccccc1)c2ccc(Nc3ccccc3)cc2,L54,0.1,500,0.0005,0.00005,0.05,0.1099260268,1110,0.001980649131
3-mercaptopropionic acid,107-96-0,OC(=O)CCS,L55,0.1,500,0.0005,0.00005,0.05,10.77897147,1110,0.1942157022
"3,3,3 triphenyl propionic acid",900-91-4,OC(=O)CC(c1ccccc1)(c2ccccc2)c3ccccc3,L56,0.1,500,0.0005,0.00005,0.05,0.2934248579,1110,0.005286934377
2-mercaptopyridine,2637-34-5,S=C1NC=CC=C1,L1,0.1,500,0.0005,0.00005,0.05,9.522341204,1110,0.1715737154
"1,2-Benzenedithiol",17534-15-5,[S-]c1ccccc1[S-],L10,0.2,500,0.0005,0.0001,0.1,0.2892663559,1110,0.002606003206
triphenylphosphine,603-35-0,c1ccc(cc1)P(c2ccccc2)c3ccccc3,L11,0.2,500,0.0005,0.0001,0.1,0.0837495186,1110,0.0007545001676
"1,2-bis(dicyclohexylphosphino)ethane",23743-26-2,C1CCC(CC1)P(CCP(C2CCCCC2)C3CCCCC3)C4CCCCC4,L12,0.2,500,0.0005,0.0001,0.1,0.2046174936,1110,0.001843400843
2-Mercaptonicotinic acid,38521-46-9,[O-]C(=O)c1cccnc1[S-],L2,0.2,500,0.0005,0.0001,0.1,12.13816483,1110,0.1093528363
3-Aminopyridine-2(1H)-thione,38240-21-0,C1=CNC(=S)C(=C1)N,L3,0.2,500,0.0005,0.0001,0.1,2.769791857,1110,0.02495307979
2-Mercapto-6-methylpyridine,18368-57-5,Cc1cccc(S)n1,L4,0.2,500,0.0005,0.0001,0.1,10.83315027,1110,0.09759594838
3-Bromo-6-mercaptopyridine,56673-34-8,C1=CC(=S)NC=C1Br,L5,0.2,500,0.0005,0.0001,0.1,10.18039203,1110,0.09171524354
6-Mercaptonicotinonitrile,27885-58-1,C1=CC(=S)NC=C1C#N,L6,0.2,500,0.0005,0.0001,0.1,10.80729672,1110,0.09736303349
3-Bromopyridine-2(1H)-thione,65938-86-5,C1=CNC(=S)C(=C1)Br,L7,0.2,500,0.0005,0.0001,0.1,9.339164177,1110,0.0841366142
5-Chloropyridine-2-thiol,40771-41-3,C1=CC(=S)NC=C1Cl,L8,0.2,500,0.0005,0.0001,0.1,9.73168545,1110,0.08767284189
8-Mercaptoquinoline Hydrochloride,34006-16-1,[H+].[Cl-].Sc1cccc2cccnc12,L9,0.2,500,0.0005,0.0001,0.1,0.09997319699,1110,0.0009006594323
"4,4&#39;-methylene bis(N,N-dimethylaniline)",101-61-1,CN(C)c1ccc(Cc2ccc(cc2)N(C)C)cc1,L13,0.2,500,0.0005,0.0001,0.1,9.213243856,1110,0.0830021969
tetramethyldiaminomethane,51-80-9,CN(C)CN(C)C,L14,0.2,500,0.0005,0.0001,0.1,2.094531109,1110,0.01886964963
"N,N-dimethyl-p-toluidine",99-97-8,CN(C)c1ccc(C)cc1,L15,0.2,500,0.0005,0.0001,0.1,3.623803507,1110,0.03264687844
diphenylamine,122-39-4,N(c1ccccc1)c2ccccc2,L16,0.2,500,0.0005,0.0001,0.1,0.1558337053,1110,0.001403907255
benzimidazole,51-17-2,[nH]1cnc2ccccc12,L17,0.2,500,0.0005,0.0001,0.1,14.21421764,1110,0.1280560147
diisobutylamine,110-96-3,CC[C@H](C)[NH2+][C@H](C)CC,L18,0.2,500,0.0005,0.0001,0.1,0.1051091641,1110,0.0009469294065
catechol,120-80-9,Oc1ccccc1O,L19,0.2,500,0.0005,0.0001,0.1,0.7565472512,1110,0.006815741002
4 methoxy phenol,150-76-5,COc1ccc(O)cc1,L20,0.2,500,0.0005,0.0001,0.1,0.06858487901,1110,0.0006178817929
4-fluoro-2-nitrophenol,394-33-2,Oc1ccc(F)cc1[N+]([O-])=O,L21,0.2,500,0.0005,0.0001,0.1,4.857880666,1110,0.04376469069
2-amino-4-(trifluoromethyl)benzenethiolhydrochloride,4274-38-8,[H+].[Cl-].Nc1cc(ccc1S)C(F)(F)F,L22,0.2,500,0.0005,0.0001,0.1,0.1715089216,1110,0.00154512542
triphenylmethane thiol,3695-77-0,SC(c1ccccc1)(c2ccccc2)c3ccccc3,L23,0.2,500,0.0005,0.0001,0.1,0.2239631514,1110,0.002017686048
aniline,62-53-3,Nc1ccccc1,L24,0.2,500,0.0005,0.0001,0.1,0.2821966079,1110,0.002542311783
2 amino benzethiol,137-7-5,Nc1ccccc1S,L25,0.2,500,0.0005,0.0001,0.1,0.02325942204,1110,0.0002095443427
o-phenylene diamine,95-54-5,Nc1ccccc1N,L26,0.2,500,0.0005,0.0001,0.1,0.03436027674,1110,0.0003095520427
2-bromoethylamine hydrobromide,2576-47-8,[H+].[Br-].NCCBr,L27,0.2,500,0.0005,0.0001,0.1,-0.1067283664,1110,-0.0009615168146
3 methoxypropylamine,5332-73-0,COCCCN,L28,0.2,500,0.0005,0.0001,0.1,0.09576943452,1110,0.0008627876984
ethanolamine,141-43-5,NCCO,L29,0.2,500,0.0005,0.0001,0.1,-0.1954193716,1110,-0.001760534879
pyridine,110-86-1,c1ccncc1,L30,0.2,500,0.0005,0.0001,0.1,0.1218653485,1110,0.001097886022
"2,6 diphenyl pyridine ",3558-69-8,c1ccc(cc1)c2cccc(n2)c3ccccc3,L31,0.2,500,0.0005,0.0001,0.1,0.246568357,1110,0.002221336549
"2,6-difluoropyridine",1513-65-1,Fc1cccc(F)n1,L32,0.2,500,0.0005,0.0001,0.1,0.2396893149,1110,0.002159363197
piperidine,110-89-4,C1CCNCC1,L33,0.2,500,0.0005,0.0001,0.1,0.4000302871,1110,0.00360387646
"4-hydroxy-2,2,6,6-tetramethylpiperidine",2403-88-5,CC1(C)CC(O)CC(C)(C)N1,L34,0.2,500,0.0005,0.0001,0.1,0.6468293235,1110,0.005827291202
Ethyl piperidine-3-carboxylate,5006-62-2,CCOC(=O)C1CCCNC1,L35,0.2,500,0.0005,0.0001,0.1,0.2919517761,1110,0.002630196181
"2,2′-Bipyridyl",366-18-7,c1ccc(nc1)c2ccccn2,L36,0.2,500,0.0005,0.0001,0.1,0.2067583725,1110,0.001862688041
"1,10-phenanthroline, anhyd",66-71-7,c1cnc2c(c1)ccc3cccnc23,L37,0.2,500,0.0005,0.0001,0.1,0.01939678637,1110,0.0001747458231
bathophenanthroline,1662-01-7,c1ccc(cc1)c2ccnc3c2ccc4c(ccnc34)c5ccccc5,L38,0.2,500,0.0005,0.0001,0.1,0.1529079219,1110,0.001377548846
tertbutylcyanoacetate,1116-98-9,CC(C)(C)OC(=O)CC#N,L39,0.2,500,0.0005,0.0001,0.1,0.2405377308,1110,0.002167006584
4-Cyanobenzoyl chloride,6068-72-0,ClC(=O)c1ccc(cc1)C#N,L40,0.2,500,0.0005,0.0001,0.1,0.08395215305,1110,0.0007563257031
"7,7,8,8-tetracyanoquinodimethane",1518-16-7,N#CC(C#N)=C1C=CC(C=C1)=C(C#N)C#N,L41,0.2,500,0.0005,0.0001,0.1,-0.06127847209,1110,-0.0005520583072
acetylacetone,123-54-6,CC(=O)CC(C)=O,L42,0.2,500,0.0005,0.0001,0.1,0.1112705915,1110,0.001002437761
"1,3,5 benzene tricarboxylic acid",554-95-0,OC(=O)c1cc(cc(c1)C(O)=O)C(O)=O,L43,0.2,500,0.0005,0.0001,0.1,0.1975238301,1110,0.001779493965
cyclohexanecarboxylic acid,98-89-5,OC(=O)C1CCCCC1,L44,0.2,500,0.0005,0.0001,0.1,0.1756794067,1110,0.001582697357
tricyclohexylphosphine,2622-14-2,C1CCC(CC1)P(C2CCCCC2)C3CCCCC3,L45,0.2,500,0.0005,0.0001,0.1,0.3285703028,1110,0.002960092818
8-quinolinol,148-24-3,Oc1cccc2cccnc12,L46,0.2,500,0.0005,0.0001,0.1,0.103865491,1110,0.0009357251441
8-mercaptoquinoline hydrochloride,34006-16-1,Cl[H].Sc1cccc2cccnc12,L47,0.2,500,0.0005,0.0001,0.1,0.09839811493,1110,0.0008864695039
"5,7-dichloro-8-hydroxyquinoline",773-76-2,Oc1c(Cl)cc(Cl)c2cccnc12,L48,0.2,500,0.0005,0.0001,0.1,0.1199741611,1110,0.001080848298
1133-tetramethylguanidine,80-70-6,CN(C)C(=N)N(C)C,L49,0.2,500,0.0005,0.0001,0.1,0.3656662624,1110,0.003294290652
"1,4-butanedithiol",1191-08-8,SCCCCS,L50,0.2,500,0.0005,0.0001,0.1,0.131764743,1110,0.001187069757
1-octanethiol,111-88-6,CCCCCCCCS,L51,0.2,500,0.0005,0.0001,0.1,16.4258818,1110,0.1479809172
"4,5 dimethyl 1,2 phenylene diamine",3171-45-7,Cc1cc(N)c(N)cc1C,L52,0.2,500,0.0005,0.0001,0.1,0.1771731255,1110,0.001596154284
"4,5-dichloro-o-phenylenediamine",5348-42-5,Nc1cc(Cl)c(Cl)cc1N,L53,0.2,500,0.0005,0.0001,0.1,0.1751530022,1110,0.001577954974
"N,N'-diphenyl-p-phenylenediamine",74-31-7,N(c1ccccc1)c2ccc(Nc3ccccc3)cc2,L54,0.2,500,0.0005,0.0001,0.1,0.2106455836,1110,0.00189770796
3-mercaptopropionic acid,107-96-0,OC(=O)CCS,L55,0.2,500,0.0005,0.0001,0.1,15.23887036,1110,0.1372871203
"3,3,3 triphenyl propionic acid",900-91-4,OC(=O)CC(c1ccccc1)(c2ccccc2)c3ccccc3,L56,0.2,500,0.0005,0.0001,0.1,0.2394332852,1110,0.002157056623
2-mercaptopyridine,2637-34-5,S=C1NC=CC=C1,L1,0.2,500,0.0005,0.0001,0.1,9.522341204,1110,0.0857868577
"1,2-Benzenedithiol",17534-15-5,[S-]c1ccccc1[S-],L10,0.3,500,0.0005,0.00015,0.15,0.01029204672,1110,0.00006181409444
triphenylphosphine,603-35-0,c1ccc(cc1)P(c2ccccc2)c3ccccc3,L11,0.3,500,0.0005,0.00015,0.15,0.1053187424,1110,0.0006325449991
"1,2-bis(dicyclohexylphosphino)ethane",23743-26-2,C1CCC(CC1)P(CCP(C2CCCCC2)C3CCCCC3)C4CCCCC4,L12,0.3,500,0.0005,0.00015,0.15,0.05656380597,1110,0.0003397225584
2-Mercaptonicotinic acid,38521-46-9,[O-]C(=O)c1cccnc1[S-],L2,0.3,500,0.0005,0.00015,0.15,17.14948853,1110,0.1029999311
3-Aminopyridine-2(1H)-thione,38240-21-0,C1=CNC(=S)C(=C1)N,L3,0.3,500,0.0005,0.00015,0.15,0.5874825018,1110,0.003528423434
2-Mercapto-6-methylpyridine,18368-57-5,Cc1cccc(S)n1,L4,0.3,500,0.0005,0.00015,0.15,9.603274252,1110,0.05767732284
3-Bromo-6-mercaptopyridine,56673-34-8,C1=CC(=S)NC=C1Br,L5,0.3,500,0.0005,0.00015,0.15,10.42837742,1110,0.06263289741
6-Mercaptonicotinonitrile,27885-58-1,C1=CC(=S)NC=C1C#N,L6,0.3,500,0.0005,0.00015,0.15,11.2011555,1110,0.06727420723
3-Bromopyridine-2(1H)-thione,65938-86-5,C1=CNC(=S)C(=C1)Br,L7,0.3,500,0.0005,0.00015,0.15,9.117102586,1110,0.05475737289
5-Chloropyridine-2-thiol,40771-41-3,C1=CC(=S)NC=C1Cl,L8,0.3,500,0.0005,0.00015,0.15,9.452530194,1110,0.05677195312
8-Mercaptoquinoline Hydrochloride,34006-16-1,[H+].[Cl-].Sc1cccc2cccnc12,L9,0.3,500,0.0005,0.00015,0.15,0.4944159044,1110,0.002969464891
"4,4&#39;-methylene bis(N,N-dimethylaniline)",101-61-1,CN(C)c1ccc(Cc2ccc(cc2)N(C)C)cc1,L13,0.3,500,0.0005,0.00015,0.15,2.640684172,1110,0.015859965
tetramethyldiaminomethane,51-80-9,CN(C)CN(C)C,L14,0.3,500,0.0005,0.00015,0.15,10.00489263,1110,0.0600894452
"N,N-dimethyl-p-toluidine",99-97-8,CN(C)c1ccc(C)cc1,L15,0.3,500,0.0005,0.00015,0.15,2.994667476,1110,0.01798599085
diphenylamine,122-39-4,N(c1ccccc1)c2ccccc2,L16,0.3,500,0.0005,0.00015,0.15,0.2152007625,1110,0.001292497072
benzimidazole,51-17-2,[nH]1cnc2ccccc12,L17,0.3,500,0.0005,0.00015,0.15,0.2033967851,1110,0.001221602313
diisobutylamine,110-96-3,CC[C@H](C)[NH2+][C@H](C)CC,L18,0.3,500,0.0005,0.00015,0.15,1.592878595,1110,0.009566838407
catechol,120-80-9,Oc1ccccc1O,L19,0.3,500,0.0005,0.00015,0.15,0.6820406319,1110,0.004096340132
4 methoxy phenol,150-76-5,COc1ccc(O)cc1,L20,0.3,500,0.0005,0.00015,0.15,0.007423839268,1110,0.00004458762323
4-fluoro-2-nitrophenol,394-33-2,Oc1ccc(F)cc1[N+]([O-])=O,L21,0.3,500,0.0005,0.00015,0.15,0.04606037483,1110,0.0002766388879
2-amino-4-(trifluoromethyl)benzenethiolhydrochloride,4274-38-8,[H+].[Cl-].Nc1cc(ccc1S)C(F)(F)F,L22,0.3,500,0.0005,0.00015,0.15,0.6287998355,1110,0.003776575589
triphenylmethane thiol,3695-77-0,SC(c1ccccc1)(c2ccccc2)c3ccccc3,L23,0.3,500,0.0005,0.00015,0.15,0.1498468111,1110,0.0008999808474
aniline,62-53-3,Nc1ccccc1,L24,0.3,500,0.0005,0.00015,0.15,0.1525964917,1110,0.0009164954455
2 amino benzethiol,137-7-5,Nc1ccccc1S,L25,0.3,500,0.0005,0.00015,0.15,-0.01864446821,1110,-0.0001119787881
o-phenylene diamine,95-54-5,Nc1ccccc1N,L26,0.3,500,0.0005,0.00015,0.15,-0.09887311365,1110,-0.0005938325144
2-bromoethylamine hydrobromide,2576-47-8,[H+].[Br-].NCCBr,L27,0.3,500,0.0005,0.00015,0.15,-0.0386336434,1110,-0.0002320338943
3 methoxypropylamine,5332-73-0,COCCCN,L28,0.3,500,0.0005,0.00015,0.15,0.2431654952,1110,0.001460453424
ethanolamine,141-43-5,NCCO,L29,0.3,500,0.0005,0.00015,0.15,0.08727201129,1110,0.000524156224
pyridine,110-86-1,c1ccncc1,L30,0.3,500,0.0005,0.00015,0.15,-0.01811178563,1110,-0.0001087794933
"2,6 diphenyl pyridine ",3558-69-8,c1ccc(cc1)c2cccc(n2)c3ccccc3,L31,0.3,500,0.0005,0.00015,0.15,-0.1524345803,1110,-0.0009155230046
"2,6-difluoropyridine",1513-65-1,Fc1cccc(F)n1,L32,0.3,500,0.0005,0.00015,0.15,-0.006307474252,1110,-0.00003788272824
piperidine,110-89-4,C1CCNCC1,L33,0.3,500,0.0005,0.00015,0.15,0.2339425001,1110,0.001405060061
"4-hydroxy-2,2,6,6-tetramethylpiperidine",2403-88-5,CC1(C)CC(O)CC(C)(C)N1,L34,0.3,500,0.0005,0.00015,0.15,0.5369476942,1110,0.003224911077
Ethyl piperidine-3-carboxylate,5006-62-2,CCOC(=O)C1CCCNC1,L35,0.3,500,0.0005,0.00015,0.15,0.1879875474,1110,0.001129054338
"2,2′-Bipyridyl",366-18-7,c1ccc(nc1)c2ccccn2,L36,0.3,500,0.0005,0.00015,0.15,0.2036278104,1110,0.001222989852
"1,10-phenanthroline, anhyd",66-71-7,c1cnc2c(c1)ccc3cccnc23,L37,0.3,500,0.0005,0.00015,0.15,0.06315389115,1110,0.0003793026496
bathophenanthroline,1662-01-7,c1ccc(cc1)c2ccnc3c2ccc4c(ccnc34)c5ccccc5,L38,0.3,500,0.0005,0.00015,0.15,0.04477157887,1110,0.0002688983716
tertbutylcyanoacetate,1116-98-9,CC(C)(C)OC(=O)CC#N,L39,0.3,500,0.0005,0.00015,0.15,0.077374305,1110,0.0004647105406
4-Cyanobenzoyl chloride,6068-72-0,ClC(=O)c1ccc(cc1)C#N,L40,0.3,500,0.0005,0.00015,0.15,0.4089193255,1110,0.002455971925
"7,7,8,8-tetracyanoquinodimethane",1518-16-7,N#CC(C#N)=C1C=CC(C=C1)=C(C#N)C#N,L41,0.3,500,0.0005,0.00015,0.15,-0.02489030342,1110,-0.0001494913118
acetylacetone,123-54-6,CC(=O)CC(C)=O,L42,0.3,500,0.0005,0.00015,0.15,0.07050498443,1110,0.00042345336
"1,3,5 benzene tricarboxylic acid",554-95-0,OC(=O)c1cc(cc(c1)C(O)=O)C(O)=O,L43,0.3,500,0.0005,0.00015,0.15,0.3774069013,1110,0.002266708116
cyclohexanecarboxylic acid,98-89-5,OC(=O)C1CCCCC1,L44,0.3,500,0.0005,0.00015,0.15,0.2077746055,1110,0.001247895529
tricyclohexylphosphine,2622-14-2,C1CCC(CC1)P(C2CCCCC2)C3CCCCC3,L45,0.3,500,0.0005,0.00015,0.15,0.3924480968,1110,0.002357045627
8-quinolinol,148-24-3,Oc1cccc2cccnc12,L46,0.3,500,0.0005,0.00015,0.15,0.2246537238,1110,0.001349271614
8-mercaptoquinoline hydrochloride,34006-16-1,Cl[H].Sc1cccc2cccnc12,L47,0.3,500,0.0005,0.00015,0.15,0.09841357059,1110,0.0005910724961
"5,7-dichloro-8-hydroxyquinoline",773-76-2,Oc1c(Cl)cc(Cl)c2cccnc12,L48,0.3,500,0.0005,0.00015,0.15,0.3890805867,1110,0.00233682034
1133-tetramethylguanidine,80-70-6,CN(C)C(=N)N(C)C,L49,0.3,500,0.0005,0.00015,0.15,0.2855828848,1110,0.001715212521
"1,4-butanedithiol",1191-08-8,SCCCCS,L50,0.3,500,0.0005,0.00015,0.15,0.4507027676,1110,0.002706923529
1-octanethiol,111-88-6,CCCCCCCCS,L51,0.3,500,0.0005,0.00015,0.15,7.251344806,1110,0.04355162045
"4,5 dimethyl 1,2 phenylene diamine",3171-45-7,Cc1cc(N)c(N)cc1C,L52,0.3,500,0.0005,0.00015,0.15,0.3078503548,1110,0.00184895108
"4,5-dichloro-o-phenylenediamine",5348-42-5,Nc1cc(Cl)c(Cl)cc1N,L53,0.3,500,0.0005,0.00015,0.15,0.007488628591,1110,0.00004497674829
"N,N'-diphenyl-p-phenylenediamine",74-31-7,N(c1ccccc1)c2ccc(Nc3ccccc3)cc2,L54,0.3,500,0.0005,0.00015,0.15,0.1720020961,1110,0.001033045622
3-mercaptopropionic acid,107-96-0,OC(=O)CCS,L55,0.3,500,0.0005,0.00015,0.15,18.75116333,1110,0.1126195996
"3,3,3 triphenyl propionic acid",900-91-4,OC(=O)CC(c1ccccc1)(c2ccccc2)c3ccccc3,L56,0.3,500,0.0005,0.00015,0.15,0.1514251869,1110,0.000909460582
2-mercaptopyridine,2637-34-5,S=C1NC=CC=C1,L1,0.3,500,0.0005,0.00015,0.15,11.21430121,1110,0.06735316039
"1,2-Benzenedithiol",17534-15-5,[S-]c1ccccc1[S-],L10,0.4,500,0.0005,0.0002,0.2,0.004666550379,1110,0.0000210204972
triphenylphosphine,603-35-0,c1ccc(cc1)P(c2ccccc2)c3ccccc3,L11,0.4,500,0.0005,0.0002,0.2,0.00175308091,1110,0.000007896760857
"1,2-bis(dicyclohexylphosphino)ethane",23743-26-2,C1CCC(CC1)P(CCP(C2CCCCC2)C3CCCCC3)C4CCCCC4,L12,0.4,500,0.0005,0.0002,0.2,0.2126116609,1110,0.0009577101844
2-Mercaptonicotinic acid,38521-46-9,[O-]C(=O)c1cccnc1[S-],L2,0.4,500,0.0005,0.0002,0.2,15.74875233,1110,0.07094032583
3-Aminopyridine-2(1H)-thione,38240-21-0,C1=CNC(=S)C(=C1)N,L3,0.4,500,0.0005,0.0002,0.2,0.2639522286,1110,0.001188974003
2-Mercapto-6-methylpyridine,18368-57-5,Cc1cccc(S)n1,L4,0.4,500,0.0005,0.0002,0.2,8.437852866,1110,0.03800834625
3-Bromo-6-mercaptopyridine,56673-34-8,C1=CC(=S)NC=C1Br,L5,0.4,500,0.0005,0.0002,0.2,7.08484937,1110,0.0319137359
6-Mercaptonicotinonitrile,27885-58-1,C1=CC(=S)NC=C1C#N,L6,0.4,500,0.0005,0.0002,0.2,8.358447349,1110,0.03765066374
3-Bromopyridine-2(1H)-thione,65938-86-5,C1=CNC(=S)C(=C1)Br,L7,0.4,500,0.0005,0.0002,0.2,8.113769894,1110,0.03654851303
5-Chloropyridine-2-thiol,40771-41-3,C1=CC(=S)NC=C1Cl,L8,0.4,500,0.0005,0.0002,0.2,8.781703318,1110,0.03955722215
8-Mercaptoquinoline Hydrochloride,34006-16-1,[H+].[Cl-].Sc1cccc2cccnc12,L9,0.4,500,0.0005,0.0002,0.2,0.05961704125,1110,0.0002685452309
"4,4&#39;-methylene bis(N,N-dimethylaniline)",101-61-1,CN(C)c1ccc(Cc2ccc(cc2)N(C)C)cc1,L13,0.4,500,0.0005,0.0002,0.2,7.06444423,1110,0.03182182085
tetramethyldiaminomethane,51-80-9,CN(C)CN(C)C,L14,0.4,500,0.0005,0.0002,0.2,11.24681771,1110,0.05066134104
"N,N-dimethyl-p-toluidine",99-97-8,CN(C)c1ccc(C)cc1,L15,0.4,500,0.0005,0.0002,0.2,2.288407479,1110,0.0103081418
diphenylamine,122-39-4,N(c1ccccc1)c2ccccc2,L16,0.4,500,0.0005,0.0002,0.2,0.4245695091,1110,0.001912475266
benzimidazole,51-17-2,[nH]1cnc2ccccc12,L17,0.4,500,0.0005,0.0002,0.2,0.4364401525,1110,0.001965946633
diisobutylamine,110-96-3,CC[C@H](C)[NH2+][C@H](C)CC,L18,0.4,500,0.0005,0.0002,0.2,13.63831435,1110,0.06143384842
catechol,120-80-9,Oc1ccccc1O,L19,0.4,500,0.0005,0.0002,0.2,0.06028602321,1110,0.0002715586631
4 methoxy phenol,150-76-5,COc1ccc(O)cc1,L20,0.4,500,0.0005,0.0002,0.2,0.2224890151,1110,0.001002202771
4-fluoro-2-nitrophenol,394-33-2,Oc1ccc(F)cc1[N+]([O-])=O,L21,0.4,500,0.0005,0.0002,0.2,0.1102598471,1110,0.0004966659779
2-amino-4-(trifluoromethyl)benzenethiolhydrochloride,4274-38-8,[H+].[Cl-].Nc1cc(ccc1S)C(F)(F)F,L22,0.4,500,0.0005,0.0002,0.2,4.044538054,1110,0.01821863988
triphenylmethane thiol,3695-77-0,SC(c1ccccc1)(c2ccccc2)c3ccccc3,L23,0.4,500,0.0005,0.0002,0.2,0.1612761805,1110,0.0007264692815
aniline,62-53-3,Nc1ccccc1,L24,0.4,500,0.0005,0.0002,0.2,0.04966400906,1110,0.0002237117525
2 amino benzethiol,137-7-5,Nc1ccccc1S,L25,0.4,500,0.0005,0.0002,0.2,0.02051119331,1110,0.00009239276266
o-phenylene diamine,95-54-5,Nc1ccccc1N,L26,0.4,500,0.0005,0.0002,0.2,-0.004217353234,1110,-0.00001899708664
2-bromoethylamine hydrobromide,2576-47-8,[H+].[Br-].NCCBr,L27,0.4,500,0.0005,0.0002,0.2,-0.1954193716,1110,-0.0008802674396
3 methoxypropylamine,5332-73-0,COCCCN,L28,0.4,500,0.0005,0.0002,0.2,0.1761314177,1110,0.0007933847644
ethanolamine,141-43-5,NCCO,L29,0.4,500,0.0005,0.0002,0.2,0.1318318239,1110,0.0005938370445
pyridine,110-86-1,c1ccncc1,L30,0.4,500,0.0005,0.0002,0.2,-0.1954193716,1110,-0.0008802674396
"2,6 diphenyl pyridine ",3558-69-8,c1ccc(cc1)c2cccc(n2)c3ccccc3,L31,0.4,500,0.0005,0.0002,0.2,-0.02303046688,1110,-0.0001037408418
"2,6-difluoropyridine",1513-65-1,Fc1cccc(F)n1,L32,0.4,500,0.0005,0.0002,0.2,-0.009452065908,1110,-0.00004257687346
piperidine,110-89-4,C1CCNCC1,L33,0.4,500,0.0005,0.0002,0.2,0.1621502522,1110,0.0007304065412
"4-hydroxy-2,2,6,6-tetramethylpiperidine",2403-88-5,CC1(C)CC(O)CC(C)(C)N1,L34,0.4,500,0.0005,0.0002,0.2,0.6703891729,1110,0.003019771049
Ethyl piperidine-3-carboxylate,5006-62-2,CCOC(=O)C1CCCNC1,L35,0.4,500,0.0005,0.0002,0.2,0.1815659665,1110,0.000817864714
"2,2′-Bipyridyl",366-18-7,c1ccc(nc1)c2ccccn2,L36,0.4,500,0.0005,0.0002,0.2,0.2123914434,1110,0.0009567182137
"1,10-phenanthroline, anhyd",66-71-7,c1cnc2c(c1)ccc3cccnc23,L37,0.4,500,0.0005,0.0002,0.2,0.1342975905,1110,0.0006049441013
bathophenanthroline,1662-01-7,c1ccc(cc1)c2ccnc3c2ccc4c(ccnc34)c5ccccc5,L38,0.4,500,0.0005,0.0002,0.2,0.1668537572,1110,0.0007515935008
tertbutylcyanoacetate,1116-98-9,CC(C)(C)OC(=O)CC#N,L39,0.4,500,0.0005,0.0002,0.2,0.1353225345,1110,0.0006095609662
4-Cyanobenzoyl chloride,6068-72-0,ClC(=O)c1ccc(cc1)C#N,L40,0.4,500,0.0005,0.0002,0.2,0.1495556322,1110,0.0006736740188
"7,7,8,8-tetracyanoquinodimethane",1518-16-7,N#CC(C#N)=C1C=CC(C=C1)=C(C#N)C#N,L41,0.4,500,0.0005,0.0002,0.2,0.2197845057,1110,0.000990020296
acetylacetone,123-54-6,CC(=O)CC(C)=O,L42,0.4,500,0.0005,0.0002,0.2,0.2153138464,1110,0.0009698821909
"1,3,5 benzene tricarboxylic acid",554-95-0,OC(=O)c1cc(cc(c1)C(O)=O)C(O)=O,L43,0.4,500,0.0005,0.0002,0.2,0.2722901497,1110,0.001226532206
cyclohexanecarboxylic acid,98-89-5,OC(=O)C1CCCCC1,L44,0.4,500,0.0005,0.0002,0.2,0.507961696,1110,0.002288115748
tricyclohexylphosphine,2622-14-2,C1CCC(CC1)P(C2CCCCC2)C3CCCCC3,L45,0.4,500,0.0005,0.0002,0.2,0.4668431322,1110,0.002102896992
8-quinolinol,148-24-3,Oc1cccc2cccnc12,L46,0.4,500,0.0005,0.0002,0.2,0.0816371266,1110,0.0003677348045
8-mercaptoquinoline hydrochloride,34006-16-1,Cl[H].Sc1cccc2cccnc12,L47,0.4,500,0.0005,0.0002,0.2,0.005295637518,1110,0.00002385422305
"5,7-dichloro-8-hydroxyquinoline",773-76-2,Oc1c(Cl)cc(Cl)c2cccnc12,L48,0.4,500,0.0005,0.0002,0.2,0.06740175015,1110,0.0003036114872
1133-tetramethylguanidine,80-70-6,CN(C)C(=N)N(C)C,L49,0.4,500,0.0005,0.0002,0.2,0.3986230975,1110,0.001795599538
"1,4-butanedithiol",1191-08-8,SCCCCS,L50,0.4,500,0.0005,0.0002,0.2,0.4341953173,1110,0.001955834763
1-octanethiol,111-88-6,CCCCCCCCS,L51,0.4,500,0.0005,0.0002,0.2,3.334537931,1110,0.01502044113
"4,5 dimethyl 1,2 phenylene diamine",3171-45-7,Cc1cc(N)c(N)cc1C,L52,0.4,500,0.0005,0.0002,0.2,0.1398466068,1110,0.0006299396702
"4,5-dichloro-o-phenylenediamine",5348-42-5,Nc1cc(Cl)c(Cl)cc1N,L53,0.4,500,0.0005,0.0002,0.2,0.2198444458,1110,0.0009902902965
"N,N'-diphenyl-p-phenylenediamine",74-31-7,N(c1ccccc1)c2ccc(Nc3ccccc3)cc2,L54,0.4,500,0.0005,0.0002,0.2,0.1986443535,1110,0.0008947943852
3-mercaptopropionic acid,107-96-0,OC(=O)CCS,L55,0.4,500,0.0005,0.0002,0.2,21.08344951,1110,0.09497049329
"3,3,3 triphenyl propionic acid",900-91-4,OC(=O)CC(c1ccccc1)(c2ccccc2)c3ccccc3,L56,0.4,500,0.0005,0.0002,0.2,0.1175118922,1110,0.0005293328478
2-mercaptopyridine,2637-34-5,S=C1NC=CC=C1,L1,0.4,500,0.0005,0.0002,0.2,12.45963987,1110,0.05612450392
"1,2-Benzenedithiol",17534-15-5,[S-]c1ccccc1[S-],L10,0.5,500,0.0005,0.00025,0.25,0.2136839067,1110,0.0007700320961
triphenylphosphine,603-35-0,c1ccc(cc1)P(c2ccccc2)c3ccccc3,L11,0.5,500,0.0005,0.00025,0.25,-0.003448924842,1110,-0.00001242855799
"1,2-bis(dicyclohexylphosphino)ethane",23743-26-2,C1CCC(CC1)P(CCP(C2CCCCC2)C3CCCCC3)C4CCCCC4,L12,0.5,500,0.0005,0.00025,0.25,0.2322830212,1110,0.0008370559323
2-Mercaptonicotinic acid,38521-46-9,[O-]C(=O)c1cccnc1[S-],L2,0.5,500,0.0005,0.00025,0.25,11.30816156,1110,0.04075013174
3-Aminopyridine-2(1H)-thione,38240-21-0,C1=CNC(=S)C(=C1)N,L3,0.5,500,0.0005,0.00025,0.25,0.4109760679,1110,0.001480994839
2-Mercapto-6-methylpyridine,18368-57-5,Cc1cccc(S)n1,L4,0.5,500,0.0005,0.00025,0.25,6.19135555,1110,0.02231119117
3-Bromo-6-mercaptopyridine,56673-34-8,C1=CC(=S)NC=C1Br,L5,0.5,500,0.0005,0.00025,0.25,2.830187056,1110,0.01019887227
6-Mercaptonicotinonitrile,27885-58-1,C1=CC(=S)NC=C1C#N,L6,0.5,500,0.0005,0.00025,0.25,6.008383593,1110,0.02165183277
3-Bromopyridine-2(1H)-thione,65938-86-5,C1=CNC(=S)C(=C1)Br,L7,0.5,500,0.0005,0.00025,0.25,6.351974804,1110,0.02288999929
5-Chloropyridine-2-thiol,40771-41-3,C1=CC(=S)NC=C1Cl,L8,0.5,500,0.0005,0.00025,0.25,6.271808958,1110,0.02260111336
8-Mercaptoquinoline Hydrochloride,34006-16-1,[H+].[Cl-].Sc1cccc2cccnc12,L9,0.5,500,0.0005,0.00025,0.25,3.664451687,1110,0.01320523131
"4,4&#39;-methylene bis(N,N-dimethylaniline)",101-61-1,CN(C)c1ccc(Cc2ccc(cc2)N(C)C)cc1,L13,0.5,500,0.0005,0.00025,0.25,3.594515775,1110,0.01295321
tetramethyldiaminomethane,51-80-9,CN(C)CN(C)C,L14,0.5,500,0.0005,0.00025,0.25,12.84349533,1110,0.04628286604
"N,N-dimethyl-p-toluidine",99-97-8,CN(C)c1ccc(C)cc1,L15,0.5,500,0.0005,0.00025,0.25,0.9648270011,1110,0.003476854058
diphenylamine,122-39-4,N(c1ccccc1)c2ccccc2,L16,0.5,500,0.0005,0.00025,0.25,1.654490085,1110,0.005962126432
benzimidazole,51-17-2,[nH]1cnc2ccccc12,L17,0.5,500,0.0005,0.00025,0.25,0.004952057667,1110,0.00001784525286
diisobutylamine,110-96-3,CC[C@H](C)[NH2+][C@H](C)CC,L18,0.5,500,0.0005,0.00025,0.25,11.79704485,1110,0.04251187335
catechol,120-80-9,Oc1ccccc1O,L19,0.5,500,0.0005,0.00025,0.25,0.1588145378,1110,0.0005723046408
4 methoxy phenol,150-76-5,COc1ccc(O)cc1,L20,0.5,500,0.0005,0.00025,0.25,0.3331356441,1110,0.001200488808
4-fluoro-2-nitrophenol,394-33-2,Oc1ccc(F)cc1[N+]([O-])=O,L21,0.5,500,0.0005,0.00025,0.25,0.02121836656,1110,0.00007646258219
2-amino-4-(trifluoromethyl)benzenethiolhydrochloride,4274-38-8,[H+].[Cl-].Nc1cc(ccc1S)C(F)(F)F,L22,0.5,500,0.0005,0.00025,0.25,0.5343874125,1110,0.001925720405
triphenylmethane thiol,3695-77-0,SC(c1ccccc1)(c2ccccc2)c3ccccc3,L23,0.5,500,0.0005,0.00025,0.25,0.1323119869,1110,0.0004767999527
aniline,62-53-3,Nc1ccccc1,L24,0.5,500,0.0005,0.00025,0.25,0.1100592918,1110,0.0003966100605
2 amino benzethiol,137-7-5,Nc1ccccc1S,L25,0.5,500,0.0005,0.00025,0.25,0.1075290395,1110,0.0003874920343
o-phenylene diamine,95-54-5,Nc1ccccc1N,L26,0.5,500,0.0005,0.00025,0.25,-0.01579067717,1110,-0.00005690334115
2-bromoethylamine hydrobromide,2576-47-8,[H+].[Br-].NCCBr,L27,0.5,500,0.0005,0.00025,0.25,0.1107009733,1110,0.0003989224263
3 methoxypropylamine,5332-73-0,COCCCN,L28,0.5,500,0.0005,0.00025,0.25,-0.05238207507,1110,-0.0001887642345
ethanolamine,141-43-5,NCCO,L29,0.5,500,0.0005,0.00025,0.25,0.08165074495,1110,0.0002942369188
pyridine,110-86-1,c1ccncc1,L30,0.5,500,0.0005,0.00025,0.25,-0.04721283355,1110,-0.0001701363371
"2,6 diphenyl pyridine ",3558-69-8,c1ccc(cc1)c2cccc(n2)c3ccccc3,L31,0.5,500,0.0005,0.00025,0.25,-0.0220367713,1110,-0.00007941178847
"2,6-difluoropyridine",1513-65-1,Fc1cccc(F)n1,L32,0.5,500,0.0005,0.00025,0.25,-0.1130897458,1110,-0.0004075306153
piperidine,110-89-4,C1CCNCC1,L33,0.5,500,0.0005,0.00025,0.25,0.09711980503,1110,0.0003499812794
"4-hydroxy-2,2,6,6-tetramethylpiperidine",2403-88-5,CC1(C)CC(O)CC(C)(C)N1,L34,0.5,500,0.0005,0.00025,0.25,0.1158714289,1110,0.0004175546986
Ethyl piperidine-3-carboxylate,5006-62-2,CCOC(=O)C1CCCNC1,L35,0.5,500,0.0005,0.00025,0.25,0.4574124275,1110,0.001648333072
"2,2′-Bipyridyl",366-18-7,c1ccc(nc1)c2ccccn2,L36,0.5,500,0.0005,0.00025,0.25,0.4308934869,1110,0.001552769322
"1,10-phenanthroline, anhyd",66-71-7,c1cnc2c(c1)ccc3cccnc23,L37,0.5,500,0.0005,0.00025,0.25,0.1943705689,1110,0.0007004344825
bathophenanthroline,1662-01-7,c1ccc(cc1)c2ccnc3c2ccc4c(ccnc34)c5ccccc5,L38,0.5,500,0.0005,0.00025,0.25,0.1291183766,1110,0.0004652914473
tertbutylcyanoacetate,1116-98-9,CC(C)(C)OC(=O)CC#N,L39,0.5,500,0.0005,0.00025,0.25,0.2128688997,1110,0.0007670951339
4-Cyanobenzoyl chloride,6068-72-0,ClC(=O)c1ccc(cc1)C#N,L40,0.5,500,0.0005,0.00025,0.25,0.3927192115,1110,0.001415204366
"7,7,8,8-tetracyanoquinodimethane",1518-16-7,N#CC(C#N)=C1C=CC(C=C1)=C(C#N)C#N,L41,0.5,500,0.0005,0.00025,0.25,0.2606468311,1110,0.0009392678597
acetylacetone,123-54-6,CC(=O)CC(C)=O,L42,0.5,500,0.0005,0.00025,0.25,0.3540292723,1110,0.001275781161
"1,3,5 benzene tricarboxylic acid",554-95-0,OC(=O)c1cc(cc(c1)C(O)=O)C(O)=O,L43,0.5,500,0.0005,0.00025,0.25,0.375263186,1110,0.001352299769
cyclohexanecarboxylic acid,98-89-5,OC(=O)C1CCCCC1,L44,0.5,500,0.0005,0.00025,0.25,0.2383202578,1110,0.0008588117398
tricyclohexylphosphine,2622-14-2,C1CCC(CC1)P(C2CCCCC2)C3CCCCC3,L45,0.5,500,0.0005,0.00025,0.25,0.626254865,1110,0.002256774288
8-quinolinol,148-24-3,Oc1cccc2cccnc12,L46,0.5,500,0.0005,0.00025,0.25,0.09610644614,1110,0.0003463295356
8-mercaptoquinoline hydrochloride,34006-16-1,Cl[H].Sc1cccc2cccnc12,L47,0.5,500,0.0005,0.00025,0.25,0.09813962518,1110,0.0003536563069
"5,7-dichloro-8-hydroxyquinoline",773-76-2,Oc1c(Cl)cc(Cl)c2cccnc12,L48,0.5,500,0.0005,0.00025,0.25,-0.007991160336,1110,-0.00002879697418
1133-tetramethylguanidine,80-70-6,CN(C)C(=N)N(C)C,L49,0.5,500,0.0005,0.00025,0.25,0.1536782454,1110,0.0005537954791
"1,4-butanedithiol",1191-08-8,SCCCCS,L50,0.5,500,0.0005,0.00025,0.25,0.1797558161,1110,0.0006477687067
1-octanethiol,111-88-6,CCCCCCCCS,L51,0.5,500,0.0005,0.00025,0.25,0.4194139351,1110,0.001511401568
"4,5 dimethyl 1,2 phenylene diamine",3171-45-7,Cc1cc(N)c(N)cc1C,L52,0.5,500,0.0005,0.00025,0.25,0.2869825586,1110,0.001034171382
"4,5-dichloro-o-phenylenediamine",5348-42-5,Nc1cc(Cl)c(Cl)cc1N,L53,0.5,500,0.0005,0.00025,0.25,0.03716450599,1110,0.0001339261477
"N,N'-diphenyl-p-phenylenediamine",74-31-7,N(c1ccccc1)c2ccc(Nc3ccccc3)cc2,L54,0.5,500,0.0005,0.00025,0.25,-0.05822666304,1110,-0.0002098258127
3-mercaptopropionic acid,107-96-0,OC(=O)CCS,L55,0.5,500,0.0005,0.00025,0.25,18.33628943,1110,0.06607671868
"3,3,3 triphenyl propionic acid",900-91-4,OC(=O)CC(c1ccccc1)(c2ccccc2)c3ccccc3,L56,0.5,500,0.0005,0.00025,0.25,0.2375290875,1110,0.0008559606755
2-mercaptopyridine,2637-34-5,S=C1NC=CC=C1,L1,0.5,500,0.0005,0.00025,0.25,9.75911049,1110,0.03516796573
"1,2-Benzenedithiol",17534-15-5,[S-]c1ccccc1[S-],L10,0.6,500,0.0005,0.0003,0.3,0.2331505699,1110,0.0007001518615
triphenylphosphine,603-35-0,c1ccc(cc1)P(c2ccccc2)c3ccccc3,L11,0.6,500,0.0005,0.0003,0.3,0.1212563883,1110,0.0003641332981
"1,2-bis(dicyclohexylphosphino)ethane",23743-26-2,C1CCC(CC1)P(CCP(C2CCCCC2)C3CCCCC3)C4CCCCC4,L12,0.6,500,0.0005,0.0003,0.3,0.1426480444,1110,0.0004283725056
2-Mercaptonicotinic acid,38521-46-9,[O-]C(=O)c1cccnc1[S-],L2,0.6,500,0.0005,0.0003,0.3,8.801161351,1110,0.02642991397
3-Aminopyridine-2(1H)-thione,38240-21-0,C1=CNC(=S)C(=C1)N,L3,0.6,500,0.0005,0.0003,0.3,0.2728693971,1110,0.0008194276188
2-Mercapto-6-methylpyridine,18368-57-5,Cc1cccc(S)n1,L4,0.6,500,0.0005,0.0003,0.3,3.536620083,1110,0.01062048073
3-Bromo-6-mercaptopyridine,56673-34-8,C1=CC(=S)NC=C1Br,L5,0.6,500,0.0005,0.0003,0.3,0.3748715548,1110,0.001125740405
6-Mercaptonicotinonitrile,27885-58-1,C1=CC(=S)NC=C1C#N,L6,0.6,500,0.0005,0.0003,0.3,2.295101129,1110,0.006892195582
3-Bromopyridine-2(1H)-thione,65938-86-5,C1=CNC(=S)C(=C1)Br,L7,0.6,500,0.0005,0.0003,0.3,1.479572886,1110,0.00444316182
5-Chloropyridine-2-thiol,40771-41-3,C1=CC(=S)NC=C1Cl,L8,0.6,500,0.0005,0.0003,0.3,0.5550947716,1110,0.001666951266
8-Mercaptoquinoline Hydrochloride,34006-16-1,[H+].[Cl-].Sc1cccc2cccnc12,L9,0.6,500,0.0005,0.0003,0.3,0.1151106115,1110,0.0003456775119
"4,4&#39;-methylene bis(N,N-dimethylaniline)",101-61-1,CN(C)c1ccc(Cc2ccc(cc2)N(C)C)cc1,L13,0.6,500,0.0005,0.0003,0.3,2.846209803,1110,0.008547176585
tetramethyldiaminomethane,51-80-9,CN(C)CN(C)C,L14,0.6,500,0.0005,0.0003,0.3,1.307518968,1110,0.003926483387
"N,N-dimethyl-p-toluidine",99-97-8,CN(C)c1ccc(C)cc1,L15,0.6,500,0.0005,0.0003,0.3,9.81278189,1110,0.02946781348
diphenylamine,122-39-4,N(c1ccccc1)c2ccccc2,L16,0.6,500,0.0005,0.0003,0.3,1.445010766,1110,0.004339371669
benzimidazole,51-17-2,[nH]1cnc2ccccc12,L17,0.6,500,0.0005,0.0003,0.3,0.2740690755,1110,0.0008230302569
diisobutylamine,110-96-3,CC[C@H](C)[NH2+][C@H](C)CC,L18,0.6,500,0.0005,0.0003,0.3,0.09463101989,1110,0.0002841772369
catechol,120-80-9,Oc1ccccc1O,L19,0.6,500,0.0005,0.0003,0.3,0.6570703681,1110,0.001973184289
4 methoxy phenol,150-76-5,COc1ccc(O)cc1,L20,0.6,500,0.0005,0.0003,0.3,0.2345131916,1110,0.0007042438186
4-fluoro-2-nitrophenol,394-33-2,Oc1ccc(F)cc1[N+]([O-])=O,L21,0.6,500,0.0005,0.0003,0.3,0.008440628997,1110,0.00002534723422
2-amino-4-(trifluoromethyl)benzenethiolhydrochloride,4274-38-8,[H+].[Cl-].Nc1cc(ccc1S)C(F)(F)F,L22,0.6,500,0.0005,0.0003,0.3,0.07596808251,1110,0.0002281323799
triphenylmethane thiol,3695-77-0,SC(c1ccccc1)(c2ccccc2)c3ccccc3,L23,0.6,500,0.0005,0.0003,0.3,0.303952313,1110,0.0009127697088
aniline,62-53-3,Nc1ccccc1,L24,0.6,500,0.0005,0.0003,0.3,0.09988120087,1110,0.0002999435461
2 amino benzethiol,137-7-5,Nc1ccccc1S,L25,0.6,500,0.0005,0.0003,0.3,0.1095053825,1110,0.0003288449924
o-phenylene diamine,95-54-5,Nc1ccccc1N,L26,0.6,500,0.0005,0.0003,0.3,-0.02173989462,1110,-0.00006528496883
2-bromoethylamine hydrobromide,2576-47-8,[H+].[Br-].NCCBr,L27,0.6,500,0.0005,0.0003,0.3,0.3005454684,1110,0.0009025389442
3 methoxypropylamine,5332-73-0,COCCCN,L28,0.6,500,0.0005,0.0003,0.3,0.315118717,1110,0.0009463024533
ethanolamine,141-43-5,NCCO,L29,0.6,500,0.0005,0.0003,0.3,0.3582677778,1110,0.001075879213
pyridine,110-86-1,c1ccncc1,L30,0.6,500,0.0005,0.0003,0.3,0.1053792452,1110,0.0003164541898
"2,6 diphenyl pyridine ",3558-69-8,c1ccc(cc1)c2cccc(n2)c3ccccc3,L31,0.6,500,0.0005,0.0003,0.3,0.08981129282,1110,0.0002697035821
"2,6-difluoropyridine",1513-65-1,Fc1cccc(F)n1,L32,0.6,500,0.0005,0.0003,0.3,0.07112337356,1110,0.0002135837044
piperidine,110-89-4,C1CCNCC1,L33,0.6,500,0.0005,0.0003,0.3,0.1559647289,1110,0.0004683625491
"4-hydroxy-2,2,6,6-tetramethylpiperidine",2403-88-5,CC1(C)CC(O)CC(C)(C)N1,L34,0.6,500,0.0005,0.0003,0.3,0.1698483986,1110,0.000510055251
Ethyl piperidine-3-carboxylate,5006-62-2,CCOC(=O)C1CCCNC1,L35,0.6,500,0.0005,0.0003,0.3,0.4423916907,1110,0.001328503576
"2,2′-Bipyridyl",366-18-7,c1ccc(nc1)c2ccccn2,L36,0.6,500,0.0005,0.0003,0.3,0.3363946893,1110,0.001010194262
"1,10-phenanthroline, anhyd",66-71-7,c1cnc2c(c1)ccc3cccnc23,L37,0.6,500,0.0005,0.0003,0.3,0.334409534,1110,0.001004232835
bathophenanthroline,1662-01-7,c1ccc(cc1)c2ccnc3c2ccc4c(ccnc34)c5ccccc5,L38,0.6,500,0.0005,0.0003,0.3,0.419118719,1110,0.001258614772
tertbutylcyanoacetate,1116-98-9,CC(C)(C)OC(=O)CC#N,L39,0.6,500,0.0005,0.0003,0.3,0.3194575892,1110,0.0009593320997
4-Cyanobenzoyl chloride,6068-72-0,ClC(=O)c1ccc(cc1)C#N,L40,0.6,500,0.0005,0.0003,0.3,0.2724099397,1110,0.000818047867
"7,7,8,8-tetracyanoquinodimethane",1518-16-7,N#CC(C#N)=C1C=CC(C=C1)=C(C#N)C#N,L41,0.6,500,0.0005,0.0003,0.3,0.366511465,1110,0.00110063503
acetylacetone,123-54-6,CC(=O)CC(C)=O,L42,0.6,500,0.0005,0.0003,0.3,0.3796880415,1110,0.001140204329
"1,3,5 benzene tricarboxylic acid",554-95-0,OC(=O)c1cc(cc(c1)C(O)=O)C(O)=O,L43,0.6,500,0.0005,0.0003,0.3,0.3870823942,1110,0.001162409592
cyclohexanecarboxylic acid,98-89-5,OC(=O)C1CCCCC1,L44,0.6,500,0.0005,0.0003,0.3,0.4234623189,1110,0.001271658615
tricyclohexylphosphine,2622-14-2,C1CCC(CC1)P(C2CCCCC2)C3CCCCC3,L45,0.6,500,0.0005,0.0003,0.3,0.4469192713,1110,0.001342099914
8-quinolinol,148-24-3,Oc1cccc2cccnc12,L46,0.6,500,0.0005,0.0003,0.3,0.06964620527,1110,0.0002091477636
8-mercaptoquinoline hydrochloride,34006-16-1,Cl[H].Sc1cccc2cccnc12,L47,0.6,500,0.0005,0.0003,0.3,0.02157307593,1110,0.0000647840118
"5,7-dichloro-8-hydroxyquinoline",773-76-2,Oc1c(Cl)cc(Cl)c2cccnc12,L48,0.6,500,0.0005,0.0003,0.3,-0.02690059137,1110,-0.00008078255668
1133-tetramethylguanidine,80-70-6,CN(C)C(=N)N(C)C,L49,0.6,500,0.0005,0.0003,0.3,0.1192198311,1110,0.0003580175107
"1,4-butanedithiol",1191-08-8,SCCCCS,L50,0.6,500,0.0005,0.0003,0.3,0.4772886691,1110,0.001433299307
1-octanethiol,111-88-6,CCCCCCCCS,L51,0.6,500,0.0005,0.0003,0.3,0.1789506741,1110,0.0005373894118
"4,5 dimethyl 1,2 phenylene diamine",3171-45-7,Cc1cc(N)c(N)cc1C,L52,0.6,500,0.0005,0.0003,0.3,0.2541767839,1110,0.0007632936453
"4,5-dichloro-o-phenylenediamine",5348-42-5,Nc1cc(Cl)c(Cl)cc1N,L53,0.6,500,0.0005,0.0003,0.3,0.2767923907,1110,0.0008312083804
"N,N'-diphenyl-p-phenylenediamine",74-31-7,N(c1ccccc1)c2ccc(Nc3ccccc3)cc2,L54,0.6,500,0.0005,0.0003,0.3,0.1170715561,1110,0.0003515662344
3-mercaptopropionic acid,107-96-0,OC(=O)CCS,L55,0.6,500,0.0005,0.0003,0.3,13.78441178,1110,0.04139462997
"3,3,3 triphenyl propionic acid",900-91-4,OC(=O)CC(c1ccccc1)(c2ccccc2)c3ccccc3,L56,0.6,500,0.0005,0.0003,0.3,0.1019839152,1110,0.0003062580035
2-mercaptopyridine,2637-34-5,S=C1NC=CC=C1,L1,0.6,500,0.0005,0.0003,0.3,5.31459289,1110,0.01595973841
"1,2-Benzenedithiol",17534-15-5,[S-]c1ccccc1[S-],L10,0.7,500,0.0005,0.00035,0.35,0.04720823484,1110,0.000121514118
triphenylphosphine,603-35-0,c1ccc(cc1)P(c2ccccc2)c3ccccc3,L11,0.7,500,0.0005,0.00035,0.35,0.1878433873,1110,0.0004835093625
"1,2-bis(dicyclohexylphosphino)ethane",23743-26-2,C1CCC(CC1)P(CCP(C2CCCCC2)C3CCCCC3)C4CCCCC4,L12,0.7,500,0.0005,0.00035,0.35,0.2608064275,1110,0.0006713164158
2-Mercaptonicotinic acid,38521-46-9,[O-]C(=O)c1cccnc1[S-],L2,0.7,500,0.0005,0.00035,0.35,3.911697507,1110,0.01006871945
3-Aminopyridine-2(1H)-thione,38240-21-0,C1=CNC(=S)C(=C1)N,L3,0.7,500,0.0005,0.00035,0.35,0.2724268848,1110,0.0007012275027
2-Mercapto-6-methylpyridine,18368-57-5,Cc1cccc(S)n1,L4,0.7,500,0.0005,0.00035,0.35,0.4228474494,1110,0.001088410423
3-Bromo-6-mercaptopyridine,56673-34-8,C1=CC(=S)NC=C1Br,L5,0.7,500,0.0005,0.00035,0.35,0.2763687292,1110,0.0007113738204
6-Mercaptonicotinonitrile,27885-58-1,C1=CC(=S)NC=C1C#N,L6,0.7,500,0.0005,0.00035,0.35,1.259114375,1110,0.003240963643
3-Bromopyridine-2(1H)-thione,65938-86-5,C1=CNC(=S)C(=C1)Br,L7,0.7,500,0.0005,0.00035,0.35,0.2477011593,1110,0.0006375834216
5-Chloropyridine-2-thiol,40771-41-3,C1=CC(=S)NC=C1Cl,L8,0.7,500,0.0005,0.00035,0.35,0.3883499076,1110,0.0009996136618
8-Mercaptoquinoline Hydrochloride,34006-16-1,[H+].[Cl-].Sc1cccc2cccnc12,L9,0.7,500,0.0005,0.00035,0.35,0.3465836485,1110,0.0008921072033
"4,4&#39;-methylene bis(N,N-dimethylaniline)",101-61-1,CN(C)c1ccc(Cc2ccc(cc2)N(C)C)cc1,L13,0.7,500,0.0005,0.00035,0.35,3.405975936,1110,0.008766990826
tetramethyldiaminomethane,51-80-9,CN(C)CN(C)C,L14,0.7,500,0.0005,0.00035,0.35,4.223952323,1110,0.01087246415
"N,N-dimethyl-p-toluidine",99-97-8,CN(C)c1ccc(C)cc1,L15,0.7,500,0.0005,0.00035,0.35,10.81486803,1110,0.02783749816
diphenylamine,122-39-4,N(c1ccccc1)c2ccccc2,L16,0.7,500,0.0005,0.00035,0.35,0.6653831513,1110,0.001712697944
benzimidazole,51-17-2,[nH]1cnc2ccccc12,L17,0.7,500,0.0005,0.00035,0.35,0.280611385,1110,0.0007222944273
diisobutylamine,110-96-3,CC[C@H](C)[NH2+][C@H](C)CC,L18,0.7,500,0.0005,0.00035,0.35,0.1848894664,1110,0.0004759059624
catechol,120-80-9,Oc1ccccc1O,L19,0.7,500,0.0005,0.00035,0.35,13.50476079,1110,0.03476128903
4 methoxy phenol,150-76-5,COc1ccc(O)cc1,L20,0.7,500,0.0005,0.00035,0.35,0.09676427057,1110,0.0002490714815
4-fluoro-2-nitrophenol,394-33-2,Oc1ccc(F)cc1[N+]([O-])=O,L21,0.7,500,0.0005,0.00035,0.35,0.04973558787,1110,0.0001280195312
2-amino-4-(trifluoromethyl)benzenethiolhydrochloride,4274-38-8,[H+].[Cl-].Nc1cc(ccc1S)C(F)(F)F,L22,0.7,500,0.0005,0.00035,0.35,0.1672334618,1110,0.0004304593611
triphenylmethane thiol,3695-77-0,SC(c1ccccc1)(c2ccccc2)c3ccccc3,L23,0.7,500,0.0005,0.00035,0.35,1.375484064,1110,0.003540499521
aniline,62-53-3,Nc1ccccc1,L24,0.7,500,0.0005,0.00035,0.35,0.2134349991,1110,0.0005493822371
2 amino benzethiol,137-7-5,Nc1ccccc1S,L25,0.7,500,0.0005,0.00035,0.35,0.2181910413,1110,0.0005616243019
o-phenylene diamine,95-54-5,Nc1ccccc1N,L26,0.7,500,0.0005,0.00035,0.35,0.2988188799,1110,0.000769160566
2-bromoethylamine hydrobromide,2576-47-8,[H+].[Br-].NCCBr,L27,0.7,500,0.0005,0.00035,0.35,0.1376220677,1110,0.0003542395566
3 methoxypropylamine,5332-73-0,COCCCN,L28,0.7,500,0.0005,0.00035,0.35,0.1189426681,1110,0.0003061587338
ethanolamine,141-43-5,NCCO,L29,0.7,500,0.0005,0.00035,0.35,0.2899845636,1110,0.000746421013
pyridine,110-86-1,c1ccncc1,L30,0.7,500,0.0005,0.00035,0.35,0.2229363498,1110,0.0005738387383
"2,6 diphenyl pyridine ",3558-69-8,c1ccc(cc1)c2cccc(n2)c3ccccc3,L31,0.7,500,0.0005,0.00035,0.35,0.1640728135,1110,0.0004223238442
"2,6-difluoropyridine",1513-65-1,Fc1cccc(F)n1,L32,0.7,500,0.0005,0.00035,0.35,0.1367103546,1110,0.0003518928046
piperidine,110-89-4,C1CCNCC1,L33,0.7,500,0.0005,0.00035,0.35,0.2407601105,1110,0.0006197171442
"4-hydroxy-2,2,6,6-tetramethylpiperidine",2403-88-5,CC1(C)CC(O)CC(C)(C)N1,L34,0.7,500,0.0005,0.00035,0.35,0.1561507301,1110,0.0004019323811
Ethyl piperidine-3-carboxylate,5006-62-2,CCOC(=O)C1CCCNC1,L35,0.7,500,0.0005,0.00035,0.35,0.5550129433,1110,0.001428604745
"2,2′-Bipyridyl",366-18-7,c1ccc(nc1)c2ccccn2,L36,0.7,500,0.0005,0.00035,0.35,0.6591000246,1110,0.00169652516
"1,10-phenanthroline, anhyd",66-71-7,c1cnc2c(c1)ccc3cccnc23,L37,0.7,500,0.0005,0.00035,0.35,0.459524797,1110,0.00118281801
bathophenanthroline,1662-01-7,c1ccc(cc1)c2ccnc3c2ccc4c(ccnc34)c5ccccc5,L38,0.7,500,0.0005,0.00035,0.35,0.4571330665,1110,0.00117666169
tertbutylcyanoacetate,1116-98-9,CC(C)(C)OC(=O)CC#N,L39,0.7,500,0.0005,0.00035,0.35,0.4887383326,1110,0.001258013726
4-Cyanobenzoyl chloride,6068-72-0,ClC(=O)c1ccc(cc1)C#N,L40,0.7,500,0.0005,0.00035,0.35,0.440081159,1110,0.001132770036
"7,7,8,8-tetracyanoquinodimethane",1518-16-7,N#CC(C#N)=C1C=CC(C=C1)=C(C#N)C#N,L41,0.7,500,0.0005,0.00035,0.35,0.4344821406,1110,0.001118358148
acetylacetone,123-54-6,CC(=O)CC(C)=O,L42,0.7,500,0.0005,0.00035,0.35,0.4444456735,1110,0.001144004308
"1,3,5 benzene tricarboxylic acid",554-95-0,OC(=O)c1cc(cc(c1)C(O)=O)C(O)=O,L43,0.7,500,0.0005,0.00035,0.35,0.8229294091,1110,0.002118222417
cyclohexanecarboxylic acid,98-89-5,OC(=O)C1CCCCC1,L44,0.7,500,0.0005,0.00035,0.35,0.413846038,1110,0.001065240767
tricyclohexylphosphine,2622-14-2,C1CCC(CC1)P(C2CCCCC2)C3CCCCC3,L45,0.7,500,0.0005,0.00035,0.35,0.4776015866,1110,0.001229347713
8-quinolinol,148-24-3,Oc1cccc2cccnc12,L46,0.7,500,0.0005,0.00035,0.35,0.1951317998,1110,0.000502269755
8-mercaptoquinoline hydrochloride,34006-16-1,Cl[H].Sc1cccc2cccnc12,L47,0.7,500,0.0005,0.00035,0.35,0.07983224498,1110,0.0002054884041
"5,7-dichloro-8-hydroxyquinoline",773-76-2,Oc1c(Cl)cc(Cl)c2cccnc12,L48,0.7,500,0.0005,0.00035,0.35,0.09355327413,1110,0.0002408063684
1133-tetramethylguanidine,80-70-6,CN(C)C(=N)N(C)C,L49,0.7,500,0.0005,0.00035,0.35,0.1654793151,1110,0.000425944183
"1,4-butanedithiol",1191-08-8,SCCCCS,L50,0.7,500,0.0005,0.00035,0.35,0.2512788367,1110,0.0006467923726
1-octanethiol,111-88-6,CCCCCCCCS,L51,0.7,500,0.0005,0.00035,0.35,0.1762133561,1110,0.0004535736322
"4,5 dimethyl 1,2 phenylene diamine",3171-45-7,Cc1cc(N)c(N)cc1C,L52,0.7,500,0.0005,0.00035,0.35,0.1062676398,1110,0.0002735331783
"4,5-dichloro-o-phenylenediamine",5348-42-5,Nc1cc(Cl)c(Cl)cc1N,L53,0.7,500,0.0005,0.00035,0.35,0.1577025137,1110,0.0004059266762
"N,N'-diphenyl-p-phenylenediamine",74-31-7,N(c1ccccc1)c2ccc(Nc3ccccc3)cc2,L54,0.7,500,0.0005,0.00035,0.35,0.01193367422,1110,0.00003071730815
3-mercaptopropionic acid,107-96-0,OC(=O)CCS,L55,0.7,500,0.0005,0.00035,0.35,11.2908525,1110,0.02906268339
"3,3,3 triphenyl propionic acid",900-91-4,OC(=O)CC(c1ccccc1)(c2ccccc2)c3ccccc3,L56,0.7,500,0.0005,0.00035,0.35,0.2185613655,1110,0.0005625775175
2-mercaptopyridine,2637-34-5,S=C1NC=CC=C1,L1,0.7,500,0.0005,0.00035,0.35,1.693321901,1110,0.004358614933